[
  {
    "model": "manager.position",
    "pk": 1,
    "fields": {
      "name": "Software Engineer"
    }
  },
  {
    "model": "manager.position",
    "pk": 2,
    "fields": {
      "name": "Database Administrator"
    }
  },
  {
    "model": "manager.position",
    "pk": 3,
    "fields": {
      "name": "Network Administrator"
    }
  },
  {
    "model": "manager.position",
    "pk": 4,
    "fields": {
      "name": "Web Developer"
    }
  },
  {
    "model": "manager.position",
    "pk": 5,
    "fields": {
      "name": "System Analyst"
    }
  },
  {
    "model": "manager.position",
    "pk": 6,
    "fields": {
      "name": "Quality Assurance Engineer"
    }
  },
  {
    "model": "manager.position",
    "pk": 7,
    "fields": {
      "name": "UI/UX Designer"
    }
  },
  {
    "model": "manager.position",
    "pk": 8,
    "fields": {
      "name": "Data Scientist"
    }
  },
  {
    "model": "manager.position",
    "pk": 9,
    "fields": {
      "name": "Product Manager"
    }
  },
  {
    "model": "manager.position",
    "pk": 10,
    "fields": {
      "name": "DevOps Engineer"
    }
  },
  {
    "model": "manager.position",
    "pk": 11,
    "fields": {
      "name": "Security Analyst"
    }
  },
  {
    "model": "manager.position",
    "pk": 12,
    "fields": {
      "name": "Mobile App Developer"
    }
  },
  {
    "model": "manager.position",
    "pk": 13,
    "fields": {
      "name": "Data Engineer"
    }
  },
  {
    "model": "manager.position",
    "pk": 14,
    "fields": {
      "name": "Business Analyst"
    }
  },
  {
    "model": "manager.position",
    "pk": 15,
    "fields": {
      "name": "Full Stack Developer"
    }
  },
  {
    "model": "manager.position",
    "pk": 16,
    "fields": {
      "name": "Scrum Master"
    }
  },
  {
    "model": "manager.position",
    "pk": 17,
    "fields": {
      "name": "AI Engineer"
    }
  },
  {
    "model": "manager.position",
    "pk": 18,
    "fields": {
      "name": "Cloud Architect"
    }
  },
  {
    "model": "manager.position",
    "pk": 19,
    "fields": {
      "name": "IT Manager"
    }
  },
  {
    "model": "manager.position",
    "pk": 20,
    "fields": {
      "name": "Frontend Developer"
    }
  },
  {
    "model": "manager.worker",
    "pk": 1,
    "fields": {
      "password": "pbkdf2_sha256$260000$0BDshDfI3jyH$5i7xYvR8/sAT7C7LxtPY1o3miO4pmLIEmBJwI/0/Qvg=",
      "last_login": null,
      "is_superuser": false,
      "username": "worker1",
      "first_name": "John",
      "last_name": "Smith",
      "email": "",
      "is_staff": false,
      "is_active": true,
      "date_joined": "2023-07-05T00:00:00Z",
      "position": 1
    }
  },
  {
    "model": "manager.worker",
    "pk": 2,
    "fields": {
      "password": "pbkdf2_sha256$260000$96Gde6R94R0l$fnfcyaP0rrU8XwJK6oADc0VtqjKvCAnG5XMGsgWsQkY=",
      "last_login": null,
      "is_superuser": false,
      "username": "worker2",
      "first_name": "Michael",
      "last_name": "Johnson",
      "email": "",
      "is_staff": false,
      "is_active": true,
      "date_joined": "2023-07-05T00:00:00Z",
      "position": 2
    }
  },
  {
    "model": "manager.worker",
    "pk": 3,
    "fields": {
      "password": "pbkdf2_sha256$260000$UlbvE6mAM6fe$zscwLVozKJAh6ApjuebpAIgjCyG5bi4KNJvT04g+tDA=",
      "last_login": null,
      "is_superuser": false,
      "username": "worker3",
      "first_name": "David",
      "last_name": "Brown",
      "email": "",
      "is_staff": false,
      "is_active": true,
      "date_joined": "2023-07-05T00:00:00Z",
      "position": 3
    }
  },
  {
    "model": "manager.worker",
    "pk": 4,
    "fields": {
      "password": "pbkdf2_sha256$260000$ZULAB3Sfzmx8$XCBqKbXj7uLp6QJEWlMK83U3T4FD0eMT7Jyl0i1qzI0=",
      "last_login": null,
      "is_superuser": false,
      "username": "worker4",
      "first_name": "James",
      "last_name": "Taylor",
      "email": "",
      "is_staff": false,
      "is_active": true,
      "date_joined": "2023-07-05T00:00:00Z",
      "position": 4
    }
  },
  {
    "model": "manager.worker",
    "pk": 5,
    "fields": {
      "password": "pbkdf2_sha256$260000$vgTp9nKohk6H$OFIf9QuEBAA8n8mSh6TucrW9Q1H/mQ3y7A/jtr3tE/o=",
      "last_login": null,
      "is_superuser": false,
      "username": "worker5",
      "first_name": "Robert",
      "last_name": "Anderson",
      "email": "",
      "is_staff": false,
      "is_active": true,
      "date_joined": "2023-07-05T00:00:00Z",
      "position": 5
    }
  },
  {
    "model": "manager.worker",
    "pk": 6,
    "fields": {
      "password": "pbkdf2_sha256$260000$ZVUphJBRvfTz$WQQSbmEKQJwo3aYF/4rS4UovhLbsvHLLz6jZUVk/8qw=",
      "last_login": null,
      "is_superuser": false,
      "username": "worker6",
      "first_name": "Michael",
      "last_name": "Brown",
      "email": "",
      "is_staff": false,
      "is_active": true,
      "date_joined": "2023-07-05T00:00:00Z",
      "position": 2
    }
  },
  {
    "model": "manager.worker",
    "pk": 7,
    "fields": {
      "password": "pbkdf2_sha256$260000$1aWcBttBzZ3v$Q8P+57mFyfcm7kETClz1dHrOrSYbh6qBh8FeoNOirKk=",
      "last_login": null,
      "is_superuser": false,
      "username": "worker7",
      "first_name": "Jennifer",
      "last_name": "Davis",
      "email": "",
      "is_staff": false,
      "is_active": true,
      "date_joined": "2023-07-05T00:00:00Z",
      "position": 3
    }
  },
  {
    "model": "manager.worker",
    "pk": 8,
    "fields": {
      "password": "pbkdf2_sha256$260000$Fy45JTyGLOiw$B5v4zW4J00N2SMnLd/19x8VmIzAT/LPNoEbt9HvCGvM=",
      "last_login": null,
      "is_superuser": false,
      "username": "worker8",
      "first_name": "Sarah",
      "last_name": "Clark",
      "email": "",
      "is_staff": false,
      "is_active": true,
      "date_joined": "2023-07-05T00:00:00Z",
      "position": 4
    }
  },
    {
    "model": "manager.worker",
    "pk": 9,
    "fields": {
      "password": "pbkdf2_sha256$260000$9XgtzMKP3Wlx$R0Gx7HReJiz9GR3qWUZysWJH9v0fT8mILb3cZHXIp/M=",
      "last_login": null,
      "is_superuser": false,
      "username": "worker9",
      "first_name": "Thomas",
      "last_name": "Hall",
      "email": "",
      "is_staff": false,
      "is_active": true,
      "date_joined": "2023-07-05T00:00:00Z",
      "position": 1
    }
  },
  {
    "model": "manager.worker",
    "pk": 10,
    "fields": {
      "password": "pbkdf2_sha256$260000$Fy45JTyGLOiw$B5v4zW4J00N2SMnLd/19x8VmIzAT/LPNoEbt9HvCGvM=",
      "last_login": null,
      "is_superuser": false,
      "username": "worker10",
      "first_name": "Jessica",
      "last_name": "Walker",
      "email": "",
      "is_staff": false,
      "is_active": true,
      "date_joined": "2023-07-05T00:00:00Z",
      "position": 2
    }
  },
  {
    "model": "manager.worker",
    "pk": 11,
    "fields": {
      "password": "pbkdf2_sha256$260000$ZUfG9vs98nzT$QCN9OaDwzQkR5OVDgWbr15vEMFQ27t2cmzRAgf50vRo=",
      "last_login": null,
      "is_superuser": false,
      "username": "worker11",
      "first_name": "Daniel",
      "last_name": "Baker",
      "email": "",
      "is_staff": false,
      "is_active": true,
      "date_joined": "2023-07-05T00:00:00Z",
      "position": 3
    }
  },
  {
    "model": "manager.worker",
    "pk": 12,
    "fields": {
      "password": "pbkdf2_sha256$260000$Tft1FF6xtQZ1$Rw5x/KV1FzHZzVcQgr0/c7nTDbvCXTGQY3KoyGyqOD4=",
      "last_login": null,
      "is_superuser": false,
      "username": "worker12",
      "first_name": "Emily",
      "last_name": "Garcia",
      "email": "",
      "is_staff": false,
      "is_active": true,
      "date_joined": "2023-07-05T00:00:00Z",
      "position": 4
    }
  },
  {
    "model": "manager.worker",
    "pk": 13,
    "fields": {
      "password": "pbkdf2_sha256$260000$yXrH5ixJe3u6$Q8v0RQXPE8fHYT47MQR1yS3IumH/yYpX5E70KZvd5Hg=",
      "last_login": null,
      "is_superuser": false,
      "username": "worker13",
      "first_name": "Sophia",
      "last_name": "Ward",
      "email": "",
      "is_staff": false,
      "is_active": true,
      "date_joined": "2023-07-05T00:00:00Z",
      "position": 9
    }
  },
  {
    "model": "manager.worker",
    "pk": 14,
    "fields": {
      "password": "pbkdf2_sha256$260000$2fxExve0Ld42$FOVtNghpWDdQvZarKam2N4VjmtvURmRrWkbX9SKj35s=",
      "last_login": null,
      "is_superuser": false,
      "username": "worker14",
      "first_name": "Oliver",
      "last_name": "Cox",
      "email": "",
      "is_staff": false,
      "is_active": true,
      "date_joined": "2023-07-05T00:00:00Z",
      "position": 17
    }
  },
  {
    "model": "manager.worker",
    "pk": 15,
    "fields": {
      "password": "pbkdf2_sha256$260000$PILAt4uWmqTB$hyF+YtKkEcm3WBNFv+T+I5tZcmI1Ait+jB/QrCRiayU=",
      "last_login": null,
      "is_superuser": false,
      "username": "worker15",
      "first_name": "Mia",
      "last_name": "Bennett",
      "email": "",
      "is_staff": false,
      "is_active": true,
      "date_joined": "2023-07-05T00:00:00Z",
      "position": 7
    }
  },
  {
    "model": "manager.worker",
    "pk": 16,
    "fields": {
      "password": "pbkdf2_sha256$260000$04grmPG4fJqB$M5Fy/YyTfBm3OFlh8i9r7oRRyIPfrXODh1I8JtOQV3Y=",
      "last_login": null,
      "is_superuser": false,
      "username": "worker16",
      "first_name": "Ethan",
      "last_name": "Stewart",
      "email": "",
      "is_staff": false,
      "is_active": true,
      "date_joined": "2023-07-05T00:00:00Z",
      "position": 14
    }
  },
  {
    "model": "manager.worker",
    "pk": 17,
    "fields": {
      "password": "pbkdf2_sha256$260000$4qlE9dM0THHm$uY8Z1z8N4Bbm4iRi/BdyPPJi/7XlfArLvw7TlyM8kbE=",
      "last_login": null,
      "is_superuser": false,
      "username": "worker17",
      "first_name": "Ava",
      "last_name": "Phillips",
      "email": "",
      "is_staff": false,
      "is_active": true,
      "date_joined": "2023-07-05T00:00:00Z",
      "position": 19
    }
  },
  {
    "model": "manager.worker",
    "pk": 18,
    "fields": {
      "password": "pbkdf2_sha256$260000$wR2SQKuQtSY9$XZyTnCnyFDqXQe8YD/qIBALbZvFs/CXUdq1W1tUpi1Y=",
      "last_login": null,
      "is_superuser": false,
      "username": "worker18",
      "first_name": "Liam",
      "last_name": "Russell",
      "email": "",
      "is_staff": false,
      "is_active": true,
      "date_joined": "2023-07-05T00:00:00Z",
      "position": 12
    }
  },
  {
    "model": "manager.worker",
    "pk": 19,
    "fields": {
      "password": "pbkdf2_sha256$260000$GIRttM7i5iP9$nOeRn1sK7rZu2G5M+rKlu5iGLAqQ7GM6cR4t1Ldw7Yg=",
      "last_login": null,
      "is_superuser": false,
      "username": "worker19",
      "first_name": "Harper",
      "last_name": "Griffin",
      "email": "",
      "is_staff": false,
      "is_active": true,
      "date_joined": "2023-07-05T00:00:00Z",
      "position": 16
    }
  },
  {
    "model": "manager.worker",
    "pk": 20,
    "fields": {
      "password": "pbkdf2_sha256$260000$BOqlrPPJYgPm$RSTtCmSehig6Tl26AzkZL2ycxExetPfjq+V7N6VZs0s=",
      "last_login": null,
      "is_superuser": false,
      "username": "worker20",
      "first_name": "Sebastian",
      "last_name": "Hayes",
      "email": "",
      "is_staff": false,
      "is_active": true,
      "date_joined": "2023-07-05T00:00:00Z",
      "position": 20
    }
  },
  {
    "model": "manager.tasktype",
    "pk": 1,
    "fields": {
      "name": "Bug"
    }
  },
  {
    "model": "manager.tasktype",
    "pk": 2,
    "fields": {
      "name": "Feature"
    }
  },
  {
    "model": "manager.tasktype",
    "pk": 3,
    "fields": {
      "name": "QA"
    }
  },
  {
    "model": "manager.tasktype",
    "pk": 4,
    "fields": {
      "name": "Database"
    }
  },
  {
    "model": "manager.tasktype",
    "pk": 5,
    "fields": {
      "name": "Frontend"
    }
  },
  {
    "model": "manager.tasktype",
    "pk": 6,
    "fields": {
      "name": "Backend"
    }
  },
  {
    "model": "manager.tasktype",
    "pk": 7,
    "fields": {
      "name": "Security"
    }
  },
  {
    "model": "manager.tasktype",
    "pk": 8,
    "fields": {
      "name": "Performance"
    }
  },
  {
    "model": "manager.tasktype",
    "pk": 9,
    "fields": {
      "name": "Design"
    }
  },
  {
    "model": "manager.tasktype",
    "pk": 10,
    "fields": {
      "name": "Documentation"
    }
  },
  {
    "model": "manager.tasktype",
    "pk": 11,
    "fields": {
      "name": "Testing"
    }
  },
  {
    "model": "manager.tasktype",
    "pk": 12,
    "fields": {
      "name": "Deployment"
    }
  },
  {
    "model": "manager.tasktype",
    "pk": 13,
    "fields": {
      "name": "Maintenance"
    }
  },
  {
    "model": "manager.tasktype",
    "pk": 14,
    "fields": {
      "name": "Research"
    }
  },
  {
    "model": "manager.tasktype",
    "pk": 15,
    "fields": {
      "name": "Data Analysis"
    }
  },
  {
    "model": "manager.tasktype",
    "pk": 16,
    "fields": {
      "name": "UI/UX"
    }
  },
  {
    "model": "manager.tasktype",
    "pk": 17,
    "fields": {
      "name": "Integration"
    }
  },
  {
    "model": "manager.tasktype",
    "pk": 18,
    "fields": {
      "name": "DevOps"
    }
  },
  {
    "model": "manager.tasktype",
    "pk": 19,
    "fields": {
      "name": "Analytics"
    }
  },
  {
    "model": "manager.tasktype",
    "pk": 20,
    "fields": {
      "name": "Migration"
    }
  },
    {
    "model": "manager.team",
    "pk": 1,
    "fields": {
      "name": "Team 1",
      "members": [1, 2]
    }
  },
  {
    "model": "manager.team",
    "pk": 2,
    "fields": {
      "name": "Team 2",
      "members": [3, 4]
    }
  },
  {
    "model": "manager.team",
    "pk": 3,
    "fields": {
      "name": "Team 3",
      "members": [5, 6]
    }
  },
  {
    "model": "manager.team",
    "pk": 4,
    "fields": {
      "name": "Team 4",
      "members": [7, 8]
    }
  },
  {
    "model": "manager.team",
    "pk": 5,
    "fields": {
      "name": "Team 5",
      "members": [9, 10]
    }
  },
  {
    "model": "manager.team",
    "pk": 6,
    "fields": {
      "name": "Team 6",
      "members": [11, 12]
    }
  },
  {
    "model": "manager.team",
    "pk": 7,
    "fields": {
      "name": "Team 7",
      "members": [13, 14]
    }
  },
  {
    "model": "manager.team",
    "pk": 8,
    "fields": {
      "name": "Team 8",
      "members": [15, 16]
    }
  },
  {
    "model": "manager.team",
    "pk": 9,
    "fields": {
      "name": "Team 9",
      "members": [17, 18]
    }
  },
  {
    "model": "manager.team",
    "pk": 10,
    "fields": {
      "name": "Team 10",
      "members": [19, 20]
    }
  },
  {
    "model": "manager.project",
    "pk": 1,
    "fields": {
      "name": "Project 1",
      "description": "Description of Project 1",
      "status": "working",
      "team": [1]
    }
  },
  {
    "model": "manager.project",
    "pk": 2,
    "fields": {
      "name": "Project 2",
      "description": "Description of Project 2",
      "status": "completed",
      "team": [2]
    }
  },
  {
    "model": "manager.project",
    "pk": 3,
    "fields": {
      "name": "Project 3",
      "description": "Description of Project 3",
      "status": "working",
      "team": [3]
    }
  },
  {
    "model": "manager.project",
    "pk": 4,
    "fields": {
      "name": "Project 4",
      "description": "Description of Project 4",
      "status": "completed",
      "team": [4]
    }
  },
  {
    "model": "manager.project",
    "pk": 5,
    "fields": {
      "name": "Project 5",
      "description": "Description of Project 5",
      "status": "working",
      "team": [5]
    }
  },
  {
    "model": "manager.project",
    "pk": 6,
    "fields": {
      "name": "Project 6",
      "description": "Description of Project 6",
      "status": "completed",
      "team": [6]
    }
  },
  {
    "model": "manager.project",
    "pk": 7,
    "fields": {
      "name": "Project 7",
      "description": "Description of Project 7",
      "status": "working",
      "team": [7]
    }
  },
  {
    "model": "manager.project",
    "pk": 8,
    "fields": {
      "name": "Project 8",
      "description": "Description of Project 8",
      "status": "completed",
      "team": [8]
    }
  },
  {
    "model": "manager.project",
    "pk": 9,
    "fields": {
      "name": "Project 9",
      "description": "Description of Project 9",
      "status": "working",
      "team": [9]
    }
  },
  {
    "model": "manager.project",
    "pk": 10,
    "fields": {
      "name": "Project 10",
      "description": "Description of Project 10",
      "status": "completed",
      "team": [10]
    }
  },
  {
    "model": "manager.project",
    "pk": 11,
    "fields": {
      "name": "Project 11",
      "description": "Description of Project 11",
      "status": "working",
      "team": [1]
    }
  },
  {
    "model": "manager.project",
    "pk": 12,
    "fields": {
      "name": "Project 12",
      "description": "Description of Project 12",
      "status": "completed",
      "team": [2]
    }
  },
    {
    "model": "manager.task",
    "pk": 1,
    "fields": {
      "name": "Task 1",
      "description": "Description of Task 1",
      "deadline": "2023-07-07T08:00:00Z",
      "is_completed": true,
      "priority": "high",
      "task_type": 1,
      "assignees": [3, 7],
      "project": 1
    }
  },
  {
    "model": "manager.task",
    "pk": 2,
    "fields": {
      "name": "Task 2",
      "description": "Description of Task 2",
      "deadline": "2023-07-10T12:00:00Z",
      "is_completed": false,
      "priority": "medium",
      "task_type": 2,
      "assignees": [10, 15],
      "project": 1
    }
  },
  {
    "model": "manager.task",
    "pk": 3,
    "fields": {
      "name": "Task 3",
      "description": "Description of Task 3",
      "deadline": "2023-07-12T16:00:00Z",
      "is_completed": true,
      "priority": "high",
      "task_type": 3,
      "assignees": [4, 9],
      "project": 2
    }
  },
  {
    "model": "manager.task",
    "pk": 4,
    "fields": {
      "name": "Task 4",
      "description": "Description of Task 4",
      "deadline": "2023-07-15T10:00:00Z",
      "is_completed": false,
      "priority": "medium",
      "task_type": 4,
      "assignees": [8, 12],
      "project": 2
    }
  },
  {
    "model": "manager.task",
    "pk": 5,
    "fields": {
      "name": "Task 5",
      "description": "Description of Task 5",
      "deadline": "2023-07-18T14:00:00Z",
      "is_completed": true,
      "priority": "high",
      "task_type": 5,
      "assignees": [1, 11],
      "project": 3
    }
  },
  {
    "model": "manager.task",
    "pk": 6,
    "fields": {
      "name": "Task 6",
      "description": "Description of Task 6",
      "deadline": "2023-07-20T10:00:00Z",
      "is_completed": false,
      "priority": "medium",
      "task_type": 6,
      "assignees": [6, 16],
      "project": 3
    }
  },
  {
    "model": "manager.task",
    "pk": 7,
    "fields": {
      "name": "Task 7",
      "description": "Description of Task 7",
      "deadline": "2023-07-22T16:00:00Z",
      "is_completed": true,
      "priority": "high",
      "task_type": 7,
      "assignees": [2, 5],
      "project": 4
    }
  },
  {
    "model": "manager.task",
    "pk": 8,
    "fields": {
      "name": "Task 8",
      "description": "Description of Task 8",
      "deadline": "2023-07-25T12:00:00Z",
      "is_completed": true,
      "priority": "medium",
      "task_type": 8,
      "assignees": [14, 19],
      "project": 4
    }
  },
  {
    "model": "manager.task",
    "pk": 9,
    "fields": {
      "name": "Task 9",
      "description": "Description of Task 9",
      "deadline": "2023-07-28T08:00:00Z",
      "is_completed": true,
      "priority": "high",
      "task_type": 9,
      "assignees": [3, 10],
      "project": 5
    }
  },
  {
    "model": "manager.task",
    "pk": 10,
    "fields": {
      "name": "Task 10",
      "description": "Description of Task 10",
      "deadline": "2023-07-30T14:00:00Z",
      "is_completed": false,
      "priority": "medium",
      "task_type": 10,
      "assignees": [7, 15],
      "project": 5
    }
  },
  {
    "model": "manager.task",
    "pk": 11,
    "fields": {
      "name": "Task 11",
      "description": "Description of Task 11",
      "deadline": "2023-08-02T10:00:00Z",
      "is_completed": false,
      "priority": "high",
      "task_type": 11,
      "assignees": [4, 17],
      "project": 6
    }
  },
  {
    "model": "manager.task",
    "pk": 12,
    "fields": {
      "name": "Task 12",
      "description": "Description of Task 12",
      "deadline": "2023-08-05T16:00:00Z",
      "is_completed": false,
      "priority": "medium",
      "task_type": 12,
      "assignees": [13, 18],
      "project": 6
    }
  }
]
